城市名称,城市ID
杭州,14
上海,2
成都,104
厦门,21
台北,360
香港,38
北京,1
苏州,11
南京,9
丽江,32
重庆,158
武汉,145
昆明,29
广州,152
天津,154
深圳,26
澳门,39
无锡,10
大理白族自治州,31
大连,4
长沙,148
宁波,83
沈阳,155
桂林,28
西安,7
西双版纳,30
哈尔滨,151
张家界,23
拉萨,36
高雄,756
三亚,61
扬州,12
青岛,5
花莲,1366
香格里拉,106
凤凰,988
北海,140
绍兴,18
南宁,166
贵阳,33
阿坝藏族羌族自治州,744
福州,164
西宁,237
阳朔,702
湘西土家族苗族自治州,496
秦皇岛,132
长春,216
九寨沟,25
威海,169
济南,128
珠海,27
峨眉山,24
海口,37
武夷山,22
舟山,479
太原,167
郑州,157
银川,239
嘉兴,272
乐山,103
平遥,365
黄山,120061
烟台,170
承德,135
乌鲁木齐,117
稻城,342
常州,206
林芝,126
洛阳,198
桐乡,220
兰州,231
开封,165
连云港,238
屏东,1364
日喀则,100
台南,757
呼伦贝尔,458
南投,759
腾冲,696
台中,1369
敦煌,8
石家庄,199
嘉善,1019
温州,153
泉州,243
上饶,547
景德镇,405
迪庆,120009
婺源,446
都江堰,911
康定,344
湖州,68
南昌,175
牡丹江,264
甘孜藏族自治州,754
大同,275
新北,2063
泰安,746
佛山,207
金华,219
甘南,426
安吉,686
台东,760
呼和浩特,156
昆山,77
宜昌,313
阿里,99
惠州,213
嵊泗,82
合肥,196
嘉义市,758
黔东南,2375
漠河,983
晋中,639
嘉峪关,284
东莞,212
满洲里,319
肇庆,269
镇江,13
延边,415
丽水,441
日照,622
九江,877
漳州,334
丹东,315
葫芦岛,345
酒泉,282
宜兰,1383
大邑,3130
张掖,283
台州,402
宜春,743
韶关,222
徐州,230
神农架,147
吉林市,267
保定,459
南通,85
保山,420
中山,233
清远,517
色达,120478
汕头,215
阿勒泰地区,427
伊犁,115
咸阳,632
黟县,528
伊春,498
延安,423
淳安,2249
青阳,2613
忻州,783
海林,2240
赤峰,483
昌都,559
丹巴,704
咸宁,861
安顺,518
景洪,2154
大兴安岭,396
池州,825
宝鸡,422
张家口,497
西昌,592
渭南,908
常熟,101
焦作,663
松潘,606
潍坊,226
海西,120012
宜宾,278
溧阳,598
南平,827
临沂,480
柳州,143
江门,362
十堰,464
芜湖,457
龙岩,366
镇远,1840
潮州,467
临汾,318
红河,512
湛江,202
彰化,3180
济宁,658
东阳,608
绵阳,915
衡山,277
理塘,3150
布尔津,1010
黔南,2374
吐鲁番,35
衡阳,864
荔波,659
宜兴,227
雷山,2345
凉山,912
凯里,491
赣州,473
遵义,204
喀什地区,124
阳江,363
汉中,486
吉安,876
山南,339
宁德,490
恩施土家族苗族自治州,487
德清,1011
岳阳,287
泰州,494
乐清,1022
华阴,476
象山,723
桐庐,688
曲阜,129
若尔盖,3165
井冈山,171
德格,3140
南阳,591
安庆,179
南靖,2672
惠东,956
包头,347
白玉,120485
文山壮族苗族自治州,511
海北,120014
宣城,504
梅州,523
南充,782
莆田,317
泸定,2059
登封,1014
唐山,200
河源,350
枣庄,656
雅安,917
郴州,336
中卫,1184
曲靖,509
淮安,351
三沙,120101
金川,3125
衢州,174
荣成,899
淄博,536
雅江,3137
本溪,463
襄阳,414
琼海,843
克什克腾旗,2971
丹江口,1018
鄂尔多斯,600
巴塘,3102
玉溪,477
万宁,846
盐城,493
齐齐哈尔,395
锡林郭勒盟,484
天水,285
黔西南,1428
大庆,531
罗平,676
新乡,474
永嘉,785
三明,620
锦州,513
广元,593
邯郸,495
信阳,448
运城,397
六安,502
道孚,1446234
宁海,689
义乌,1005
晋城,665
炉霍,1446223
铜仁,680
余姚,98
夏河,2792
阿拉善,1193
滁州,228
龙胜,1445120
廊坊,582
黑河,265
榆林,485
陵水,1509
白山,871
尚志,853
安阳,412
巴音郭楞,2512
汶川,3101
湘潭,1417
基隆,1382
泰顺,625
墨脱,120397
修武,2267
贺州,707
兴安盟,886
昌吉回族自治州,923
阿尔山,120084
歙县,527
围场,2584
安康,545
阆中,831
毕节,521
弥勒,1342
龙门,2949
碌曲,2799
常德,417
金门,1368
百色,524
株洲,1174
五常,2237
兴义,519
怀化,655
当雄,2443
桃园,1439
鹰潭,186
克拉玛依,428
营口,692
德宏,526
崇左,837
武义,1004
遂昌,1431
延吉,475
瑞丽,1213
荆州,413
额济纳旗,2973
兴城,1399
黎平,1346
石林,271
鞍山,229
泸州,604
江阴,235
贵溪,1189
额尔古纳,2026
普洱,928
湟源,2643
理县,1445566
慈溪,543
长治,901
海宁,86
德阳,462
元阳,2032
梧州,142
扶风,1880
朔州,903
临海,544
张家港,203
浮梁,2420
诸暨,690
黄冈,859
栾川,1930
仙居,691
海南藏族自治州,120074
楚雄彝族自治州,510
五大连池,857
巴马,3041
太仓,255
台山,673
盘锦,602
浪卡子,2438
聊城,635
沧州,540
安图,643
邢台,460
赤水,1770
新竹,1197
许昌,465
工布江达,120396
商丘,849
六盘水,679
平顶山,810
德州,603
巴中,703
宿迁,492
绩溪,2627
文昌,1007
韶山,346
萍乡,714
乾县,2742
阿克苏地区,920
茂县,3164
潜山,1016
瑞安,535
亳州,404
格尔木,332
马鞍山,503
黄龙,905
蚌埠,205
揭阳,835
永州,869
正定,2581
平潭,2652
佳木斯,501
攀枝花,786
邛崃,1403
红原,3099
自贡,575
三门峡,522
英德,962
哈密,567
三江,975
东营,612
缙云,1021
介休,2982
黄石,710
博罗,954
蔚县,2565
建德,687
合作,2784
定日,2450
茂名,615
玉林,141
苍南,2049
兰溪,611
巢湖,187
江孜,2437
库尔勒,429
达州,910
防城港,698
保亭,1009
河池,838
抚顺,514
辽阳,881
菏泽,708
新昌,75
怒江,681
吕梁,902
开平,525
晋江,675
汕尾,624
兴化,1946
广安,693
德钦,2178
恩平,623
吉首,865
青州,898
通辽,885
德令哈,891
湖口,2386
石嘴山,889
南雄,2921
阜阳,361
博尔塔拉,2513
眉山,914
黄南,120042
剑川,2215
通化,874
玉树藏族自治州,896
泰宁,2678
霞浦,1154
平山,1139
永泰,2665
宾川,2157
邵阳,867
吉木萨尔,2498
平湖,533
浏阳,1337
金寨,2623
乳山,2046
武威,290
句容,817
和田地区,557
驻马店,642
商洛,906
遂宁,605
佛冈,2935
长兴,1832
朝阳,1104
昌黎,1835
瑞金,1159
云龙,2203
云和,2251
沂水,2035
石河子,1168
彭州,1747
福鼎,613
同仁,895
启东,1542
那曲,919
怀来,2527
连城,609
北川,1934
周口,709
平凉,424
南澳,958
东方,842
眉县,2776
澎湖,1367
文成,1003
昭通,929
宜川,2757
富蕴,2509
乌兰察布,1358
滨州,660
阜康,2506
庐山,2390
江油,1037
肥西,2619
乳源,2937
胶州,1836
波密,2436
娄底,866
吴忠,890
勐腊,2210
赤壁,1135
涞水,2545
嵊州,553
孝感,862
黑水,120552
荆门,634
龙泉,2033
阳泉,904
昭平,3067
绥中,2133
益阳,868
龙口,1567
钦州,697
宜良,2177
辉县,2313
庆元,2248
西峡,2268
如皋,1372
果洛,120013
连江,2657
建水,2151
通山,2706
温岭,546
米林,2448
海阳,1188
宁安,2233
抚州,875
新郑,2264
临沧,926
珲春,2461
从江,2344
张北,2575
鸡西,852
福清,1152
平阳,1012
沂南,2036
固原,888
普兰,2440
崇州,909
巩义,1846
海盐,529
阜新,879
临夏回族自治州,833
泾县,2616
兴平,2739
瓦房店,2136
铁岭,589
大新,963
涞源,2549
青田,2247
衡水,461
铜川,907
惠安,2680
敦化,1388
榕江,2346
景宁,2034
都匀,678
金沙,2338
东海,3078
松原,873
巴彦淖尔,883
图们,2466
澄江,2171
宁乡,2846
锡林浩特,1373
随州,860
祁连,120123
安新,2521
宽甸,2137
漯河,664
海东,120010
长海,516
江山,1000
根河,2955
五指山,982
东山,2662
休宁,2625
荥阳,1842
四平,556
贵港,711
儋州,841
淮南,638
浦江,1002
连州,1141
济源,640
洪湖,2031
勉县,2779
来宾,839
新余,878
乐亭,2082
乌兰浩特,1316
八宿,120403
磐安,2028
安宁,2150
达拉特旗,2964
伊宁市,2058
铜陵,472
永康,189
普宁,1523
岱山,999
兴安县,722
库车,1345
仁化,959
鄯善,2502
桓仁,2144
闽侯,2666
南江,3109
内江,823
广汉,1349
德化,2659
昭苏,2508
仪征,562
嘉义县,3182
韩城,120420
云浮,836
邹城,1359
札达,2454
礼泉,2759
灵石,3011
靖边,2745
石狮,245
资阳,918
林州,1890
商城,2260
濮阳,581
罗田,2717
丰宁,568
吉县,3038
苗栗,3199
东源,2929
陵川,3004
丰顺,2934
杜尔伯特,2231
黄陵,2734
宿州,672
乌海,677
和平,2948
漳浦,2670
新兴,2919
绥化,856
陇南,1491
广南,2198
哈巴河,2480
东兴,964
玉龙,1446279
井陉,2532
喀什市,2507
淮北,657
兴隆,2528
青铜峡,2330
利川,984
沽源,2591
洪江,2825
石阡,2351
马尔康,913
庐江,2602
融水,3047
靖西,967
宜章,2861
通道,992
犍为,3118
牙克石,887
庄河,2148
阳西,2933
灵川,3064
临朐,2907
乐业,968
宁城,1736
滕州,1371
资兴,1570
盱眙,2100
庆阳,834
涿鹿,2585
克孜勒苏,2511
东台,916
鹤壁,595
白城,870
禄丰,2188
宁蒗,2169
霍山,2609
汝城,2852
盖州,1941
鲁山,2270
平江,2848
塔什库尔干,2481
湘潭县,2858
周至,2781
桃源,991
长阳,2690
凤城,1762
禹州,2301
安龙,2333
安溪,2647
华安,2677
乐昌,957
定西,830
天门,987
盘州,2369
山丹,120488
蒙自,1201
永修,1848
三河,671
丹阳,1038
巍山,2211
丘北,2175
德庆,120097
三门,1945
兰陵,2873
南安,1521
甘孜县,3156
诸城,2077
松阳,2250
门源,1446317
霸州,1834
芒市,2199
宁都,2379
九龙,1446247
贡嘎,120408
扎兰屯,2972
兴国,2387
滨海,3074
贵德,2636
资源,980
塔城地区,924
开化,1001
云霄,2669
新县,2322
遵化,1181
信丰,2380
凭祥,840
齐河,2885
金堂,3131
连南,2941
岚皋,2752
日土,120147
上杭,1158
华蓥,3103
永安,288
莱州,1161
仙游,2654
米易,3097
白银,828
于都,2419
内乡,2295
蓝田,2755
鹤岗,811
绥芬河,855
靖江,1554
晴隆,120454
新安,2315
洱源,2180
麻城,1833
东港,1764
柞水,2766
新化,2856
西乌旗,2960
河口,2201
涿州,848
四会,960
什邡,3154
石门,143838
噶尔,120143
新宁,2857
永城,1578
邳州,1560
龙井,2465
京山,2703
龙山,2842
阳山,1142
双鸭山,854
石台,2624
定州,2562
阿拉善左旗,143886
新密,1163
徐闻,2923
温泉县,1446386
高邮,2075
靖安,2396
赤城,2544
寿县,2628
集安,2467
沭阳,3079
平度,1565
简阳,3122
宁国,1167
永济,1772
琼结,2439
如东,997
乐东,981
寿光,1089
宁强,2731
应城,1145
龙游,812
新沂,1064
鄂州,858
会泽,2212
互助,2637
铁力,2230
上林,120117
鄢陵,2278
芒康,2452
剑阁,3115
灵宝,1162
秭归,2726
宁武,3030
容县,3044
瓜州,2807
蒲江,3136
洪雅,3096
白河,2733
萨嘎,120381
高安,1165
威宁,2337
左贡,120405
桐城,1847
神木,2762
玉山,1013
巴里坤,2494
桂平,418
固安,2586
盂县,3022
凤阳,2626
泰兴,1172
延长,1446146
莱阳,1838
永春,2661
平武,3134
孝义,1144
微山,2869
乌鲁木齐县,2489
大冶,1543
林甸,2219
嵩县,1445115
昌江,2456
浑源,3026
南部县,3104
镇宁,2356
招远,1352
高密,1837
安福,2376
海安,1548
藤县,143827
小金,3110
勐海,2207
肥东,2615
平和,2684
临江,2460
泗洪,143833
共和,2644
万源,3094
思南,2355
新丰,1445183
江口,2334
七台河,1179
全州,3040
易县,2557
玉环,1006
潜江,985
抚松,2479
永登,2793
长丰,2599
辽源,872
多伦,2967
五台,1446115
阳新,2698
射阳,998
海丰,2946
宾县,2223
元谋,2197
织金,2362
武宁,2432
临高,2458
海城,607
澄迈,2457
蛟河,2471
金秀,1445186
大英,1395
洪洞,3015
钟祥,863
大理市,1445616
洋县,2753
定安,2021
虎林,2224
阳城,2076
永兴,143832
独山,2354
南漳,2722
阳春,961
湘乡,1850
惠水,2372
天长,1739
岑溪,3056
河津,3012
广德,2631
康平,2135
揭西,2930
南昌县,2429
龙南,2424
迁安,1397
当阳,2699
高州,337
蒙阴,2870
邹平,2911
玛多,120480
芷江,994
沂源,1134
青龙,2540
石城,2415
龙川,2947
鄱阳,2385
嘉荫,2228
怀集,955
罗源,2663
安丘,2867
武胜,3105
富平,2771
沙河,2556
滦州,2573
黄梅,2689
樟树,1160
建湖,3077
红安,2723
习水,2343
宁远,2847
紫金,2951
蒙山,3057
合浦,965
北镇,2083
宜都,2705
沛县,3075
祁县,3039
石泉,2765
聂拉木,2445
雷州,2936
若羌,120547
古田,2674
龙里,2357
扎囊,2451
邵武,172
梁山,2899
澧县,143837
凌海,2139
阜宁,3081
瑞昌,2397
景泰,2802
伊金霍洛旗,2966
蓬安,3119
贡山,1446282
罗定,1356
泸西,2024
醴陵,2837
东平,2894
新源,2500
墨江,2152
奎屯,1169
天台,1445965
平邑,1875
连山,2944
固始,2291
西乡,2743
嘉鱼,2700
通江,3167
泗阳,1097
铅山,2389
三原,2750
本溪县,1446026
金昌,832
大竹,3138
农安,2472
莒县,2888
信宜,2922
丰城,1839
靖州,2832
仙桃,775
封开,2931
建始,2696
贺兰,2119
安岳,3092
淅川,2307
攸县,2862
炎陵,2860
商南,2756
尼玛,120383
黄平,120442
沅陵,120103
达茂旗,2961
宣汉,3129
安多,120385
苍溪,3111
荔浦,2020
亚东,120090
大埔,2920
宜阳,2289
武安,1566
博乐,922
马祖,1445356
通海,2208
泗水,1138
香河,2526
南涧,2163
恩施市,1446196
崇阳,2695
鹤山,1182
广饶,1769
祁门,2610
久治,1446312
渠县,3141
昌吉市,2503
吴桥,2520
个旧,925
大方,2348
长汀,1445095
英山,2709
武定,2153
法库,2131
仁怀,1905
迁西,2530
鹿邑,2276
黄骅,1868
耒阳,1849
云林,3197
饶平,2932
蒲城,2738
莲花,1445978
蒙城,1872
桐柏,2281
和顺,120422
枣阳,2718
宾阳,3048
且末,1348
石屏,2191
颍上,2634
象州,3060
嘉祥,2874
平定,2057
轮台,1569
闽清,2668
玉屏,2350
灵山,969
单县,2897
谷城,2719
泾阳,2749
房县,2710
绵竹,1446217
舒城,2630
和静,2485
建宁,2648
开远,1318
清镇,1782
莒南,2104
五莲,2084
公安,2714
修水,2399
开阳,2342
安化,2811
咸丰,2720
贵定,120451
巴东,2688
郓城,2898
平乐,3065
白沙,2455
江永,2831
福泉,2363
射洪,1944
尤溪,2667
唐河,2274
三台,3148
陆良,1140
岐山,2746
留坝,2761
廉江,2939
绥德,2769
交城,3033
宝应,3073
德保,3061
泸溪,2843
兴仁,2340
木里,3100
壶关,1446117
建昌,2129
灵武,2323
屏南,2649
武平,2682
南召,1446078
沧源,2161
营山,3149
邻水,3147
崇义,2391
高碑店,1124
肥城,1387
汉寿,2822
屯昌,845
平塘,2335
密山,1508
汉源,3090
广宁,2943
陆丰,2952
盐边,3139
梅河口,2468
弋阳,2406
贞丰,120455
大余,2395
土默特左旗,2963
盐源,3142
施秉,2352
彬州,2740
应县,3006
平阴,2879
费县,2895
城固,143839
无为,2618
临县,2998
温县,2290
安陆,2685
古丈,2821
和县,2598
邵东,1365
定南,2401
汶上,2872
北流,3045
南陵,1445976
三都,2349
安远,2381
横州,966
拜城,2490
始兴,2945
兴宁,2918
澜沧,2172
夏县,3025
黔西,2339
旬邑,143857
乌拉特前旗,2977
桐梓,2370
任丘,1180
唐县,2574
石首,2691
嵩明,2202
莱西,1445084
盈江,2182
永靖,2797
福安,1446193
宝兴,3095
卓尼,1446168
永顺,1446211
安阳县,2252
绥阳,2361
仁寿,2336
宜丰,143843
台江,120447
太白,2773
吴川,1898
进贤,2402
天全,2056
冕宁,3091
迭部,1446184
监利,2693
金湖,368
大荔,2748
加查,120409
蕲春,2725
建瓯,1157
府谷,2767
苍梧,3052
汾阳,2053
剑河,120446
铜鼓,2425
桑植,2851
将乐,143875
琼中,844
瓮安,120450
泾源,2329
保康,143871
项城,2300
武冈,1940
寻甸,2164
凤山,2022
岳池,3151
安国,2514
和龙,1446012
镇平,2319
通城,2704
玉门,2800
汝阳,2321
新泰,2886
会理,3106
二连浩特,2976
汨罗,989
五峰,2712
湄潭,2364
白水,2736
利辛,2600
承德县,847
祁阳,2850
中江,3155
桓台,2910
类乌齐,120400
平南,1398
丰县,3080
万年,2428
萨迦,2442
凤台,2622
临泽,2791
古蔺,3166
东阿,2893
灌南,3086
巨野,2892
花垣,2827
方城,2275
临清,2906
浠水,2694
肇东,2246
广水,2716
慈利,2816
雄县,2547
上高,2400
郧西,120128
抚远,1446003
荣县,3144
平昌,3132
伊吾,2505
清河,2537
彭泽,2383
泸水,927
邓州,2269
拉孜,2444
天祝,2788
永宁,2324
长白,2463
东至,2608
隆昌,3153
蓝山,2834
元江,2194
新平,1446280
喀喇沁旗,2968
霍州,3029
隆安,3042
衡东,2823
庆云,2890
凌源,2142
乐平,2417
茶陵,2812
叶城,120489
长葛,2055
城步,2814
开原,1336
兴山,2692
兴文,3120
巴彦,2220
泸县,3157
宿松,2597
汝南,2317
阿拉尔,120078
平远,1445184
宁陕,2735
榆树,2478
舞钢,2293
襄城,2299
惠来,2917
来凤,2707
永新,2412
曲阳,2546
大石桥,1845
宣威,2160
新宾,2138
米脂,1895
比如,120390
麟游,143851
临湘,2840
新乐,2543
太和,2601
合江,3093
大安,2470
刚察,892
德兴,1558
南丹,3059
新乡县,2257
天柱,2365
博爱,2261
江华,2830
吉隆,120374
沅江,2863
大通,1446304
遂溪,2950
乐至,3143
措勤,120146
沙湾,2504
隆化,2563
祥云,2156
临沭,2909
柳城,3072
诏安,2676
阳谷,2889
霍邱,2606
衡阳县,2824
曹县,2876
栖霞,1445082
原平,3014
新野,2262
高唐,2902
西华,2311
民乐,2803
扬中,1563
昌邑,2880
桑日,120413
清流,2658
阳高,2994
武川,2969
定远,2605
睢宁,3082
潼关,2780
内丘,2519
隆回,2841
岳阳县,2864
武乡,3017
侯马,3019
垣曲,3018
鹿寨,3054
玛沁,2640
岳西,1445972
山阳,2760
资中,3163
北屯,120077
奈曼旗,2980
会昌,143830
滦南,2577
汝州,1386
松滋,2697
夹江,3108
西充,3116
文安,2588
察隅,120394
赵县,2578
锦屏,120445
富川,1446258
泰和,2422
都安,3063
恭城,1446252
上犹,2411
辛集,2541
汉川,2721
汪清,2469
彰武,2145
砚山,2170
新晃,143845
灵璧,2593
长宁,3114
陆川,971
商河,2900
讷河,2229
原阳,2294
安义,2378
灌云,3088
福贡,1446273
云梦,2715
常宁,2813
和林格尔,2956
渑池,2284
舞阳,2086
略阳,2768
平果,3062
溆浦,2859
赫章,2368
水富,2200
陇县,2764
洞口,2818
河间,2522
伊通,2475
新蔡,2318
桂阳,2820
涉县,2560
金塔,2806
惠民,2868
全椒,2617
大名,2554
禄劝,1446291
翁源,2913
师宗,2193
右玉,2085
金乡,2881
桦甸,2459
涟水,3085
高平,3003
沿河,143828
阳曲,2999
高青,2901
灵丘,3008
洛扎,120411
无棣,2877
襄汾,3027
礼县,2785
石渠,1446228
吉水,143849
高台,2805
涡阳,2635
响水,3076
临泉,2596
梓潼,3161
乌审旗,2954
大悟,2701
尼勒克,2492
佛坪,2051
玉田,2568
滦平,645
前郭,2474
龙州,3046
成县,829
镇雄,2214
万载,2430
华池,1446159
奉新,2413
郯城,2908
金阳,1446237
德惠,2473
呼玛,2225
潢川,2309
磁县,2550
淇县,2310
紫阳,2782
郎溪,2632
怀仁,3023
涟源,2836
平顺,1446132
祁东,2849
平罗,2102
正蓝旗,2975
富源,2190
尉氏,2288
修文,2347
玛曲,1446182
绥宁,2853
宁明,1445085
乡城,3107
普安,120453
兴和,2959
仲巴,120376
临颍,2259
卢氏,2273
萝北,2222
镇安,2770
民权,2287
湘阴,2855
昔阳,2988
云县,2206
孝昌,2687
宁晋,2523
长垣,2305
墨竹工卡,1446407
洛川,2772
广灵,3007
叙永,3133
石棉,3158
阳原,2552
罗甸,2360
枝江,1507
阿图什,921
同心,2327
会宁,2789
海晏,1445066
大田,2656
岑巩,120444
广昌,2434
松桃,2358
周宁,2683
都兰,2638
丹寨,120449
特克斯,1446388
澄城,2744
灵寿,1446047
青川,1446240
上蔡,2256
凌云,1446254
尖扎,1446320
龙陵,2184
沁水,2983
海伦,2243
成安,2535
华亭,2786
遂川,2418
泊头,1729
东光,2566
武陟,2296
临漳,2559
辰溪,2815
平利,2737
岫岩,2140
化州,2915
灯塔,2146
乐陵,2896
辉南,2464
焉耆,120548
中牟,1446088
峨山,2183
郏县,2320
献县,2524
内黄,2292
永丰,2409
土默特右旗,1446334
阿勒泰市,2482
文水,3009
鄂托克前旗,2979
竹山,2724
呼图壁,2495
宜城,2702
中宁,2328
博兴,1221
萧县,2621
成武,2883
正阳,2312
永仁,2189
凉城,2974
老河口,2711
浦城,2653
阿克苏市,1446382
罗山,1445146
五家渠,2493
朗县,120395
昌乐,2878
沙洋,2686
五河,2607
江达,120398
确山,2314
穆棱,1445987
余干,2423
会同,2828
乌苏,2497
常山,1939
公主岭,1360
金溪,2405
柳林,3016
霍城,1446379
旌德,2620
陈巴尔虎旗,1446352
富锦,2235
博白,3049
东兰,120136
正宁,2809
清原,2130
滑县,2298
丁青,2447
顺平,1446055
勃利,851
团风,2708
楚雄市,1446264
景县,2529
塔河,1445182
融安,3043
丹凤,2751
富顺,3152
界首,2612
双辽,2477
塔城市,2510
马边,3162
孟州,2280
临洮,2787
罗城,3050
襄垣,3034
喜德,3117
定边,2754
通河,1446000
和田市,2487
津市,2833
连平,2942
霍林郭勒,2962
商水,2263
尉犁,120546
鸡东,2232
临武,2839
易门,2179
阿拉善右旗,120362
大城,120066
容城,2551
安平,2517
光山,2087
维西,1446265
远安,2713
盐津,2167
长武,2763
芮城,2986
桃江,2854
青县,2533
鹤庆,2204
富宁,2187
平原,2882
陇西,2796
麻江,120448
南城,2431
宝丰,2255
宁洱,2166
麻阳,2844
阿克塞,2783
定襄,2992
永福,1445352
友谊,1445992
文县,1446178
中方,2865
夏邑,2304
巴林左旗,1446347
双湖,120393
旬阳,2747
德安,2398
商都,2957
华容,2826
方山,1446129
错那,120414
威远,3098
白朗,120377
盐山,2553
伊川,2282
乡宁,3031
循化,1446311
平舆,2303
太仆寺旗,1446353
夏津,1575
申扎,120386
皮山,2496
吉安县,2392
精河,2501
泌阳,2258
紫云,1780
清水,1446155
北票,1216
获嘉,2316
泗县,2633
东明,1768
肃宁,2571
余庆,2353
金平,2162
达日,1446314
饶河,1445998
集贤,2238
临澧,2838
调兵山,2149
凤冈,2359
屏边,1446293
嘉禾,2829
静宁,2798
库伦旗,1446346
分宜,2416
沈丘,2266
逊克,1445999
凤县,1446144
江安,3112
宕昌,2790
武城,2875
乐安,2414
随县,1446201
南丰,2435
建平,2132
郁南,2938
濉溪,2594
偏关,1446126
寻乌,143831
依兰,1445981
海原,2325
安达,2218
新绛,2984
清水河,1446364
西吉,1446188
同江,1446004
肇源,1445995
来安,2629
庆城,2808
榆中,1446180
固阳,1446361
五华,1445185
南木林,120373
望奎,2234
皋兰,2801
察布查尔,1445195
代县,1446104
定兴,2558
汤原,2227
巨鹿,2539
左权,3037
吴起,2732
得荣,1446220
蕉岭,2925
扶沟,2283
高阳,2582
长顺,120452
晋州,2536
永胜,2192
资溪,2433
冠县,2905
虞城,2297
新干,2384
深州,2564
古浪,2810
华宁,2209
柘城,2308
南县,2845
张家川,2804
民丰,2488
丰镇,2953
南华,2159
奇台,1446384
仁布,120382
开鲁,2965
梨树,2462
黑山,2141
汉阴,1446136
榆社,3028
镇巴,2774
钟山,3070
漳平,1446191
寿宁,2673
共青城,143853
平泉,2525
扶绥,3068
天镇,3001
道县,2817
林口,1445988
卓资,2978
通渭,1446161
鹤峰,1446199
和硕,2491
大化,1446251
天峨,3051
兰西,2245
乌拉特中旗,2981
太康,2271
阿坝县,1446246
黎川,2421
宁津,2871
阿克陶,1446375
望江,1445975
南宫,1446071
郸城,2265
曲沃,1446120
武穴,1445077
陇川,2181
峨边,3146
巴青,120392
开江,3135
合山,3053
怀宁,1445974
浮山,3000
耿马,2195
德昌,1446215
南皮,2515
万安,143850
关岭,1446303
宁化,2681
庆安,2236
永昌,1446169
淳化,1446143
康马,120372
兰坪,2174
当涂,1445969
上栗,2403
肃南,1446174
曲水,1446405
闻喜,2105
临夏市,1446157
浦北,3069
翁牛特旗,1446358
孙吴,2226
大姚,1446269
砀山,1445967
台安,1446023
宝清,1445994
志丹,2777
衡南,1446204
望谟,120456
措美,120410
繁峙,2995
改则,120145
翼城,3002
纳雍,2366
含山,2595
井研,3127
隆子,120407
环江,3058
政和,2679
元氏,2561
托克托,1446363
通许,2285
吴堡,2728
永德,2186
姚安,2173
富裕,1445985
曲松,120412
弥渡,1446276
四子王旗,1446327
义马,2286
册亨,120457
景谷,1446292
荥经,1446235
古交,3010
汤阴,2277
依安,2242
和政,1446187
隆德,2326
昌图,2134
磴口,1446337
山阴,2987
长沙县,1446209
扎赉特旗,2970
临城,2555
青冈,2239
范县,2272
克东,2241
交口,3036
镇沅,2216
莎车,2499
淮滨,2302
仪陇,1446239
甘泉,2775
囊谦,2642
马关,2205
马山,1446255
嫩江,1445984
岗巴,120380
都昌,2407
靖宇,1446013
固镇,2592
平陆,1446127
泾川,2795
敖汉旗,1446343
阿鲁科尔沁旗,1446333
合阳,1446142
双峰,1446206
永善,1446278
田东,1446248
馆陶,2589
宽城,2542
峡江,143848
徽县,1446179
鄂伦春旗,1446356
沁阳,1446076
旺苍,1446225
巩留,1446369
陆河,2912
岷县,1446170
稷山,2990
昌宁,2165
舟曲,1446163
封丘,2279
阜南,1445973
靖远,1446154
班戈,120384
玛纳斯,1446366
庄浪,1446175
克山,2244
桦南,2221
赞皇,2572
珙县,3159
枣强,1446052
那坡,973
东乌旗,1446344
寿阳,2991
泰来,1445983
武功,1446134
崇仁,2388
宣恩,1446200
威县,2580
五寨,3021
隆林,1446261
武强,2516
乌兰,1446307
安仁,1446210
全南,2393
河曲,1446123
昂仁,120375
桂东,2819
新巴尔虎左旗,1446338
江陵,1446197
双牌,1446205
玉树市,1446308
西平,1446087
竹溪,1446198
林周,1446410
绛县,1446112
兴县,1446131
横峰,2382
班玛,1446318
海兴,1446070
西和,1446186
康乐,1446162
冷水江,2835
喀喇沁左翼,1446030
岢岚,2993
乌拉特后旗,1881
巴楚,2486
隆尧,2567
正安,1446299
索县,120391
舒兰,1446009
东丰,1446016
卢龙,1446039
三穗,120443
盘山,1446028
孟连,1446284
梁河,1446289
兰考,1446072
行唐,2534
美姑,1446242
察雅,120402
盐亭,1446229
顺昌,1446192
方正,1445993
泽州,3032
东宁,1446002
双柏,2196
保靖,1446208
大厂,1446038
阜平,1446068
通榆,1446015
温宿,1446377
柘荣,1446194
怀远,1445970
托克逊,1446378
清丰,1446091
新邵,1446207
孟村,2587
察右中旗,1446336
和布克赛尔,1446509
江城,1446275
东辽,1446014
邱县,1446065
裕民,1446367
通化县,1446017
西盟,1446277
明溪,1446195
光泽,2671
苏尼特右旗,2958
博湖,1446394
绥滨,1446005
洛南,1446140
抚顺县,1446024
永吉,1446019
临潭,1446167
鱼台,1446102
兴海,1446315
新民,1446022
明光,1445966
福海,1446398
木兰,1445990
尚义,1446069
明水,1445982
绥棱,1445986
延津,1446075
隰县,1446128
务川,1446302
娄烦,3020
柯坪,1446381
越西,1446236
林西,1446326
西林,1446256
天等,3055
新龙,3126
定结,120378
田林,1446250
中阳,3035
大宁,1446116
芦溪,1445977
镇康,1446295
牟定,2155
施甸,2185
黎城,2996
巧家,1446271
巴林右旗,1446351
石楼,1446109
甘南县,120035
东安,1446203
新河,2538
临猗,3013
镇赉,1446008
图木舒克,120079
沐川,1446241
枞阳,1445971
霍尔果斯,1446402
松溪,2675
曲麻莱,2646
大关,1446263
肇州,1445996
禹城,1446096
威信,2213
彝良,2176
扶余,1446006
柳河,1446011
洮南,1446007
额敏,1446374
蓬溪,1446216
兴业,1446257
宁县,1446173
甘谷,1446151
永寿,1446147
阳信,1446098
贵南,2639
利津,1446103
拜泉,1446001
龙江,1445991
太湖县,1445968
宁阳,1446097
新竹县,3198
上思,1446253
印江,1446297
安乡,1446213
台前,1446074
永清,1446053
武邑,1446064
临邑,1446099
清徐,1446125
灌阳,3071
道真,1446300
辽阳县,1446025
德江,1446301
高县,1446231
清涧,1446135
宁陵,1446083
五原,1446324
凤庆,1446290
化德,1446360
会东,1446243
宁南,1446233
丹棱,1446227
西丰,1446029
广宗,1446056
甘洛,1446245
富县,1446139
曲周,1446045
昭觉,1446222
安泽,1446108
环县,1446172
武山,1446152
西畴,1446268
阿瓦提,1446392
汾西,1446118
东乡族,2794
息烽,1446298
阿荣旗,1446355
新巴尔虎右旗,1446359
突泉,1446329
雷波,1446224
肃北,120135
莫力达瓦旗,1446340
秦安,1446177
左云,1446122
武宣,1446260
杞县,1446085
长岭,1446020
平乡,1446062
鄂托克旗,1446325
桦川,1445997
古县,1446110
魏县,1446049
朝阳县,1446027
卫辉,1446086
沁县,1446105
邵阳县,1446212
柏乡,1446044
青神,1446221
北安,1445980
科左后旗,1446332
准格尔旗,1446350
万荣,1446130
睢县,1446081
镇原,1446185
故城,1446067
华坪,1446281
双江,1446285
莘县,1446100
筠连,1446230
延川,1446145
芦山,1446226
伊宁县,1446400
义县,1446021
壤塘,1446219
无极,1446066
鄄城,1446101
子长,1446138
河南蒙古族自治县,1446313
康县,1446164
杭锦旗,1446342
渭源,1446176
乾安,1446018
漳县,1446183
社旗,1446082
崇信,1446153
怀安,1446040
察右后旗,1446339
蠡县,1446061
静乐,1446124
佳县,1446133
盐池,1446190
绿春,1446286
民勤,1446181
普定,1446296
临西,1446034
普格,1446232
广平,1446054
谢通门,120379
托里,1446387
新田,1446214
新和,1446365
扎鲁特旗,1446348
绥江,1446294
正镶白旗,1446328
鄂温克族旗,1446357
鸡泽,1446041
两当,1446156
高邑,1446037
南乐,1446090
深泽,1446063
革吉,120144
遂平,1446093
磐石,1446010
望都,1446036
灵台,1446171
红河县,1446274
屏山,1446238
叶县,1446092
彭阳,1446189
富民,1446288
科右中旗,1446335
岳普湖,1446391
嘉黎,120389
康保,1446042
洛隆,120404
杭锦后旗,1446331
民和,1446305
沙雅,1446399
天峻,1446306
贡觉,120399
景东,1446266
聂荣,120388
漾濞,1446283
青河,1446372
吉木乃,1446368
岚县,1446111
化隆,1446323
子洲,1446150
博野,1446043
科右前旗,1446349
浚县,1446089
鲁甸,1446270
麦盖提,1446383
阜城,1446060
宜黄,1445979
边坝,120406
息县,1446094
饶阳,1446048
阿巴嘎旗,1446330
宜君,1446149
杂多,1446310
镶黄旗,1446354
延寿,1445989
忻城,1446259
沁源,1446114
麻栗坡,1446287
尼木,1446406
千阳,1446137
苏尼特左旗,1446341
广河,1446166
积石山,1446158
永平,1446262
长子,1446113
永和,1446106
治多,1446321
沧县,1446050
于田,1446390
镇坪,1446148
合水,1446160
布拖,1446218
阜新县,1446031
临夏县,1446165
濮阳县,1446084
洛宁,1446079
阿合奇,1446395
同德,1446309
泽库,1446322
铁岭县,1446033
乌恰,1446397
称多,1446316
保德,1446121
疏勒,1446396
神池,1446119
英吉沙,1446385
蒲县,1446107
伽师,1446389
察右前旗,1446362
乌什,1446380
科左中旗,1446345
泽普,1446370
疏附,1446371
策勒,1446376
双河,1446442
茫崖,2026914
汤旺,2044572
南岔,2044573
龙港,2124487
新星,2128582
墨玉,1446393
大箐山,2044563
白杨,2141996
木垒,1446499
丰林,2044571
胡杨河,2128593
洛浦,1446373
阿拉山口,2010866
忠县,2025198
巫溪,2025261
昆玉,2014471
石柱,2025257
和田县,1446401
铁门关,1446441
可克达拉,2020742
丰都,2025250
城口,2025220
云阳,2025226
彭水,2025231
甘德,1446319
巫山,2025187
垫江,2025219
奉节,2025223
秀山,2025253
酉阳,2025213
文山市,2010871
